001_0043_16_0_0_backg,sports_mask,accessory_mask,animal_mask,outdoor_mask,vehicle_mask,person_mask,indoor_mask,appliance_mask,electronics_mask,furniture_mask,food_mask,kitchen_mask,plant_mask,water_mask,ground_mask,solid_mask,sky_mask,structural_mask,building_mask,textile_mask,window_mask,floor_mask,ceiling_mask,wall_mask,material_mask
,,,,,,,,,,,,,,,,,,,,,,,,,
002_0026_16_0_0_backg,sports_mask,accessory_mask,animal_mask,outdoor_mask,vehicle_mask,person_mask,indoor_mask,appliance_mask,electronics_mask,furniture_mask,food_mask,kitchen_mask,plant_mask,water_mask,ground_mask,solid_mask,sky_mask,structural_mask,building_mask,textile_mask,window_mask,floor_mask,ceiling_mask,wall_mask,material_mask
,,,,,,,,,,,,,,,,,,,,,,,,,
004_0080_16_0_0_backg,sports_mask,accessory_mask,animal_mask,outdoor_mask,vehicle_mask,person_mask,indoor_mask,appliance_mask,electronics_mask,furniture_mask,food_mask,kitchen_mask,plant_mask,water_mask,ground_mask,solid_mask,sky_mask,structural_mask,building_mask,textile_mask,window_mask,floor_mask,ceiling_mask,wall_mask,material_mask
,,,,,,,,,,,,,,,,,,,,,,,,,
004_0097_16_0_0_backg,sports_mask,accessory_mask,animal_mask,outdoor_mask,vehicle_mask,person_mask,indoor_mask,appliance_mask,electronics_mask,furniture_mask,food_mask,kitchen_mask,plant_mask,water_mask,ground_mask,solid_mask,sky_mask,structural_mask,building_mask,textile_mask,window_mask,floor_mask,ceiling_mask,wall_mask,material_mask
,,,,,,,,,,,,,,,,,,,,,,,,,
004_0110_16_0_0_backg,sports_mask,accessory_mask,animal_mask,outdoor_mask,vehicle_mask,person_mask,indoor_mask,appliance_mask,electronics_mask,furniture_mask,food_mask,kitchen_mask,plant_mask,water_mask,ground_mask,solid_mask,sky_mask,structural_mask,building_mask,textile_mask,window_mask,floor_mask,ceiling_mask,wall_mask,material_mask
,,,,,,,,,,,,,,,,,,,,,,,,,
005_0014_16_0_0_backg,sports_mask,accessory_mask,animal_mask,outdoor_mask,vehicle_mask,person_mask,indoor_mask,appliance_mask,electronics_mask,furniture_mask,food_mask,kitchen_mask,plant_mask,water_mask,ground_mask,solid_mask,sky_mask,structural_mask,building_mask,textile_mask,window_mask,floor_mask,ceiling_mask,wall_mask,material_mask
,,,,,,,,,,,,,,,,,,,,,,,,,
011_0169_16_0_0_backg,sports_mask,accessory_mask,animal_mask,outdoor_mask,vehicle_mask,person_mask,indoor_mask,appliance_mask,electronics_mask,furniture_mask,food_mask,kitchen_mask,plant_mask,water_mask,ground_mask,solid_mask,sky_mask,structural_mask,building_mask,textile_mask,window_mask,floor_mask,ceiling_mask,wall_mask,material_mask
,,,,,,,,,,,,,,,,,,,,,,,,,
012_0066_16_0_0_backg,sports_mask,accessory_mask,animal_mask,outdoor_mask,vehicle_mask,person_mask,indoor_mask,appliance_mask,electronics_mask,furniture_mask,food_mask,kitchen_mask,plant_mask,water_mask,ground_mask,solid_mask,sky_mask,structural_mask,building_mask,textile_mask,window_mask,floor_mask,ceiling_mask,wall_mask,material_mask
,,,,,,,,,,,,,,,,,,,,,,,,,
013_0042_16_0_0_backg,sports_mask,accessory_mask,animal_mask,outdoor_mask,vehicle_mask,person_mask,indoor_mask,appliance_mask,electronics_mask,furniture_mask,food_mask,kitchen_mask,plant_mask,water_mask,ground_mask,solid_mask,sky_mask,structural_mask,building_mask,textile_mask,window_mask,floor_mask,ceiling_mask,wall_mask,material_mask
,,,,,,,,,,,,,,,,,,,,,,,,,
014_0022_16_0_0_backg,sports_mask,accessory_mask,animal_mask,outdoor_mask,vehicle_mask,person_mask,indoor_mask,appliance_mask,electronics_mask,furniture_mask,food_mask,kitchen_mask,plant_mask,water_mask,ground_mask,solid_mask,sky_mask,structural_mask,building_mask,textile_mask,window_mask,floor_mask,ceiling_mask,wall_mask,material_mask
,,,,,,,,,,,,,,,,,,,,,,,,,
015_0037_16_0_0_backg,sports_mask,accessory_mask,animal_mask,outdoor_mask,vehicle_mask,person_mask,indoor_mask,appliance_mask,electronics_mask,furniture_mask,food_mask,kitchen_mask,plant_mask,water_mask,ground_mask,solid_mask,sky_mask,structural_mask,building_mask,textile_mask,window_mask,floor_mask,ceiling_mask,wall_mask,material_mask
,,,,,,,,,,,,,,,,,,,,,,,,,
015_0062_16_0_0_backg,sports_mask,accessory_mask,animal_mask,outdoor_mask,vehicle_mask,person_mask,indoor_mask,appliance_mask,electronics_mask,furniture_mask,food_mask,kitchen_mask,plant_mask,water_mask,ground_mask,solid_mask,sky_mask,structural_mask,building_mask,textile_mask,window_mask,floor_mask,ceiling_mask,wall_mask,material_mask
,,,,,,,,,,,,,,,,,,,,,,,,,
024_0084_16_0_0_backg,sports_mask,accessory_mask,animal_mask,outdoor_mask,vehicle_mask,person_mask,indoor_mask,appliance_mask,electronics_mask,furniture_mask,food_mask,kitchen_mask,plant_mask,water_mask,ground_mask,solid_mask,sky_mask,structural_mask,building_mask,textile_mask,window_mask,floor_mask,ceiling_mask,wall_mask,material_mask
,,,,,,,,,,,,,,,,,,,,,,,,,
024_0088_16_0_0_backg,sports_mask,accessory_mask,animal_mask,outdoor_mask,vehicle_mask,person_mask,indoor_mask,appliance_mask,electronics_mask,furniture_mask,food_mask,kitchen_mask,plant_mask,water_mask,ground_mask,solid_mask,sky_mask,structural_mask,building_mask,textile_mask,window_mask,floor_mask,ceiling_mask,wall_mask,material_mask
,,,,,,,,,,,,,,,,,,,,,,,,,
024_0103_16_0_0_backg,sports_mask,accessory_mask,animal_mask,outdoor_mask,vehicle_mask,person_mask,indoor_mask,appliance_mask,electronics_mask,furniture_mask,food_mask,kitchen_mask,plant_mask,water_mask,ground_mask,solid_mask,sky_mask,structural_mask,building_mask,textile_mask,window_mask,floor_mask,ceiling_mask,wall_mask,material_mask
,,,,,,,,,,,,,,,,,,,,,,,,,
025_0077_16_0_0_backg,sports_mask,accessory_mask,animal_mask,outdoor_mask,vehicle_mask,person_mask,indoor_mask,appliance_mask,electronics_mask,furniture_mask,food_mask,kitchen_mask,plant_mask,water_mask,ground_mask,solid_mask,sky_mask,structural_mask,building_mask,textile_mask,window_mask,floor_mask,ceiling_mask,wall_mask,material_mask
,,,,,,,,,,,,,,,,,,,,,,,,,
026_0043_16_0_0_backg,sports_mask,accessory_mask,animal_mask,outdoor_mask,vehicle_mask,person_mask,indoor_mask,appliance_mask,electronics_mask,furniture_mask,food_mask,kitchen_mask,plant_mask,water_mask,ground_mask,solid_mask,sky_mask,structural_mask,building_mask,textile_mask,window_mask,floor_mask,ceiling_mask,wall_mask,material_mask
,,,,,,,,,,,,,,,,,,,,,,,,,
026_0084_16_0_0_backg,sports_mask,accessory_mask,animal_mask,outdoor_mask,vehicle_mask,person_mask,indoor_mask,appliance_mask,electronics_mask,furniture_mask,food_mask,kitchen_mask,plant_mask,water_mask,ground_mask,solid_mask,sky_mask,structural_mask,building_mask,textile_mask,window_mask,floor_mask,ceiling_mask,wall_mask,material_mask
,,,,,,,,,,,,,,,,,,,,,,,,,
027_0019_16_0_0_backg,sports_mask,accessory_mask,animal_mask,outdoor_mask,vehicle_mask,person_mask,indoor_mask,appliance_mask,electronics_mask,furniture_mask,food_mask,kitchen_mask,plant_mask,water_mask,ground_mask,solid_mask,sky_mask,structural_mask,building_mask,textile_mask,window_mask,floor_mask,ceiling_mask,wall_mask,material_mask
,,,,,,,,,,,,,,,,,,,,,,,,,
027_0043_16_0_0_backg,sports_mask,accessory_mask,animal_mask,outdoor_mask,vehicle_mask,person_mask,indoor_mask,appliance_mask,electronics_mask,furniture_mask,food_mask,kitchen_mask,plant_mask,water_mask,ground_mask,solid_mask,sky_mask,structural_mask,building_mask,textile_mask,window_mask,floor_mask,ceiling_mask,wall_mask,material_mask
,,,,,,,,,,,,,,,,,,,,,,,,,
028_0043_16_0_0_backg,sports_mask,accessory_mask,animal_mask,outdoor_mask,vehicle_mask,person_mask,indoor_mask,appliance_mask,electronics_mask,furniture_mask,food_mask,kitchen_mask,plant_mask,water_mask,ground_mask,solid_mask,sky_mask,structural_mask,building_mask,textile_mask,window_mask,floor_mask,ceiling_mask,wall_mask,material_mask
,,,,,,,,,,,,,,,,,,,,,,,,,
035_0031_16_0_0_backg,sports_mask,accessory_mask,animal_mask,outdoor_mask,vehicle_mask,person_mask,indoor_mask,appliance_mask,electronics_mask,furniture_mask,food_mask,kitchen_mask,plant_mask,water_mask,ground_mask,solid_mask,sky_mask,structural_mask,building_mask,textile_mask,window_mask,floor_mask,ceiling_mask,wall_mask,material_mask
,,,,,,,,,,,,,,,,,,,,,,,,,
037_0043_16_0_0_backg,sports_mask,accessory_mask,animal_mask,outdoor_mask,vehicle_mask,person_mask,indoor_mask,appliance_mask,electronics_mask,furniture_mask,food_mask,kitchen_mask,plant_mask,water_mask,ground_mask,solid_mask,sky_mask,structural_mask,building_mask,textile_mask,window_mask,floor_mask,ceiling_mask,wall_mask,material_mask
,,,,,,,,,,,,,,,,,,,,,,,,,
037_0089_16_0_0_backg,sports_mask,accessory_mask,animal_mask,outdoor_mask,vehicle_mask,person_mask,indoor_mask,appliance_mask,electronics_mask,furniture_mask,food_mask,kitchen_mask,plant_mask,water_mask,ground_mask,solid_mask,sky_mask,structural_mask,building_mask,textile_mask,window_mask,floor_mask,ceiling_mask,wall_mask,material_mask
,,,,,,,,,,,,,,,,,,,,,,,,,
039_0004_16_0_0_backg,sports_mask,accessory_mask,animal_mask,outdoor_mask,vehicle_mask,person_mask,indoor_mask,appliance_mask,electronics_mask,furniture_mask,food_mask,kitchen_mask,plant_mask,water_mask,ground_mask,solid_mask,sky_mask,structural_mask,building_mask,textile_mask,window_mask,floor_mask,ceiling_mask,wall_mask,material_mask
,,,,,,,,,,,,,,,,,,,,,,,,,
039_0014_16_0_0_backg,sports_mask,accessory_mask,animal_mask,outdoor_mask,vehicle_mask,person_mask,indoor_mask,appliance_mask,electronics_mask,furniture_mask,food_mask,kitchen_mask,plant_mask,water_mask,ground_mask,solid_mask,sky_mask,structural_mask,building_mask,textile_mask,window_mask,floor_mask,ceiling_mask,wall_mask,material_mask
,,,,,,,,,,,,,,,,,,,,,,,,,
039_0024_16_0_0_backg,sports_mask,accessory_mask,animal_mask,outdoor_mask,vehicle_mask,person_mask,indoor_mask,appliance_mask,electronics_mask,furniture_mask,food_mask,kitchen_mask,plant_mask,water_mask,ground_mask,solid_mask,sky_mask,structural_mask,building_mask,textile_mask,window_mask,floor_mask,ceiling_mask,wall_mask,material_mask
,,,,,,,,,,,,,,,,,,,,,,,,,
039_0030_16_0_0_backg,sports_mask,accessory_mask,animal_mask,outdoor_mask,vehicle_mask,person_mask,indoor_mask,appliance_mask,electronics_mask,furniture_mask,food_mask,kitchen_mask,plant_mask,water_mask,ground_mask,solid_mask,sky_mask,structural_mask,building_mask,textile_mask,window_mask,floor_mask,ceiling_mask,wall_mask,material_mask
,,,,,,,,,,,,,,,,,,,,,,,,,
040_0090_16_0_0_backg,sports_mask,accessory_mask,animal_mask,outdoor_mask,vehicle_mask,person_mask,indoor_mask,appliance_mask,electronics_mask,furniture_mask,food_mask,kitchen_mask,plant_mask,water_mask,ground_mask,solid_mask,sky_mask,structural_mask,building_mask,textile_mask,window_mask,floor_mask,ceiling_mask,wall_mask,material_mask
,,,,,,,,,,,,,,,,,,,,,,,,,
057_0043_16_0_0_backg,sports_mask,accessory_mask,animal_mask,outdoor_mask,vehicle_mask,person_mask,indoor_mask,appliance_mask,electronics_mask,furniture_mask,food_mask,kitchen_mask,plant_mask,water_mask,ground_mask,solid_mask,sky_mask,structural_mask,building_mask,textile_mask,window_mask,floor_mask,ceiling_mask,wall_mask,material_mask
,,,,,,,,,,,,,,,,,,,,,,,,,
059_0041_16_0_0_backg,sports_mask,accessory_mask,animal_mask,outdoor_mask,vehicle_mask,person_mask,indoor_mask,appliance_mask,electronics_mask,furniture_mask,food_mask,kitchen_mask,plant_mask,water_mask,ground_mask,solid_mask,sky_mask,structural_mask,building_mask,textile_mask,window_mask,floor_mask,ceiling_mask,wall_mask,material_mask
,,,,,,,,,,,,,,,,,,,,,,,,,
059_0043_16_0_0_backg,sports_mask,accessory_mask,animal_mask,outdoor_mask,vehicle_mask,person_mask,indoor_mask,appliance_mask,electronics_mask,furniture_mask,food_mask,kitchen_mask,plant_mask,water_mask,ground_mask,solid_mask,sky_mask,structural_mask,building_mask,textile_mask,window_mask,floor_mask,ceiling_mask,wall_mask,material_mask
,,,,,,,,,,,,,,,,,,,,,,,,,
061_0092_16_0_0_backg,sports_mask,accessory_mask,animal_mask,outdoor_mask,vehicle_mask,person_mask,indoor_mask,appliance_mask,electronics_mask,furniture_mask,food_mask,kitchen_mask,plant_mask,water_mask,ground_mask,solid_mask,sky_mask,structural_mask,building_mask,textile_mask,window_mask,floor_mask,ceiling_mask,wall_mask,material_mask
,,,,,,,,,,,,,,,,,,,,,,,,,
065_0006_16_0_0_backg,sports_mask,accessory_mask,animal_mask,outdoor_mask,vehicle_mask,person_mask,indoor_mask,appliance_mask,electronics_mask,furniture_mask,food_mask,kitchen_mask,plant_mask,water_mask,ground_mask,solid_mask,sky_mask,structural_mask,building_mask,textile_mask,window_mask,floor_mask,ceiling_mask,wall_mask,material_mask
,,,,,,,,,,,,,,,,,,,,,,,,,
065_0032_16_0_0_backg,sports_mask,accessory_mask,animal_mask,outdoor_mask,vehicle_mask,person_mask,indoor_mask,appliance_mask,electronics_mask,furniture_mask,food_mask,kitchen_mask,plant_mask,water_mask,ground_mask,solid_mask,sky_mask,structural_mask,building_mask,textile_mask,window_mask,floor_mask,ceiling_mask,wall_mask,material_mask
,,,,,,,,,,,,,,,,,,,,,,,,,
066_0049_16_0_0_backg,sports_mask,accessory_mask,animal_mask,outdoor_mask,vehicle_mask,person_mask,indoor_mask,appliance_mask,electronics_mask,furniture_mask,food_mask,kitchen_mask,plant_mask,water_mask,ground_mask,solid_mask,sky_mask,structural_mask,building_mask,textile_mask,window_mask,floor_mask,ceiling_mask,wall_mask,material_mask
,,,,,,,,,,,,,,,,,,,,,,,,,
067_0043_16_0_0_backg,sports_mask,accessory_mask,animal_mask,outdoor_mask,vehicle_mask,person_mask,indoor_mask,appliance_mask,electronics_mask,furniture_mask,food_mask,kitchen_mask,plant_mask,water_mask,ground_mask,solid_mask,sky_mask,structural_mask,building_mask,textile_mask,window_mask,floor_mask,ceiling_mask,wall_mask,material_mask
,,,,,,,,,,,,,,,,,,,,,,,,,
074_0110_16_0_0_backg,sports_mask,accessory_mask,animal_mask,outdoor_mask,vehicle_mask,person_mask,indoor_mask,appliance_mask,electronics_mask,furniture_mask,food_mask,kitchen_mask,plant_mask,water_mask,ground_mask,solid_mask,sky_mask,structural_mask,building_mask,textile_mask,window_mask,floor_mask,ceiling_mask,wall_mask,material_mask
,,,,,,,,,,,,,,,,,,,,,,,,,
076_0032_16_0_0_backg,sports_mask,accessory_mask,animal_mask,outdoor_mask,vehicle_mask,person_mask,indoor_mask,appliance_mask,electronics_mask,furniture_mask,food_mask,kitchen_mask,plant_mask,water_mask,ground_mask,solid_mask,sky_mask,structural_mask,building_mask,textile_mask,window_mask,floor_mask,ceiling_mask,wall_mask,material_mask
,,,,,,,,,,,,,,,,,,,,,,,,,
076_0059_16_0_0_backg,sports_mask,accessory_mask,animal_mask,outdoor_mask,vehicle_mask,person_mask,indoor_mask,appliance_mask,electronics_mask,furniture_mask,food_mask,kitchen_mask,plant_mask,water_mask,ground_mask,solid_mask,sky_mask,structural_mask,building_mask,textile_mask,window_mask,floor_mask,ceiling_mask,wall_mask,material_mask
,,,,,,,,,,,,,,,,,,,,,,,,,
082_0080_16_0_0_backg,sports_mask,accessory_mask,animal_mask,outdoor_mask,vehicle_mask,person_mask,indoor_mask,appliance_mask,electronics_mask,furniture_mask,food_mask,kitchen_mask,plant_mask,water_mask,ground_mask,solid_mask,sky_mask,structural_mask,building_mask,textile_mask,window_mask,floor_mask,ceiling_mask,wall_mask,material_mask
,,,,,,,,,,,,,,,,,,,,,,,,,
083_0022_16_0_0_backg,sports_mask,accessory_mask,animal_mask,outdoor_mask,vehicle_mask,person_mask,indoor_mask,appliance_mask,electronics_mask,furniture_mask,food_mask,kitchen_mask,plant_mask,water_mask,ground_mask,solid_mask,sky_mask,structural_mask,building_mask,textile_mask,window_mask,floor_mask,ceiling_mask,wall_mask,material_mask
,,,,,,,,,,,,,,,,,,,,,,,,,
083_0056_16_0_0_backg,sports_mask,accessory_mask,animal_mask,outdoor_mask,vehicle_mask,person_mask,indoor_mask,appliance_mask,electronics_mask,furniture_mask,food_mask,kitchen_mask,plant_mask,water_mask,ground_mask,solid_mask,sky_mask,structural_mask,building_mask,textile_mask,window_mask,floor_mask,ceiling_mask,wall_mask,material_mask
,,,,,,,,,,,,,,,,,,,,,,,,,
084_0043_16_0_0_backg,sports_mask,accessory_mask,animal_mask,outdoor_mask,vehicle_mask,person_mask,indoor_mask,appliance_mask,electronics_mask,furniture_mask,food_mask,kitchen_mask,plant_mask,water_mask,ground_mask,solid_mask,sky_mask,structural_mask,building_mask,textile_mask,window_mask,floor_mask,ceiling_mask,wall_mask,material_mask
,,,,,,,,,,,,,,,,,,,,,,,,,
085_0018_16_0_0_backg,sports_mask,accessory_mask,animal_mask,outdoor_mask,vehicle_mask,person_mask,indoor_mask,appliance_mask,electronics_mask,furniture_mask,food_mask,kitchen_mask,plant_mask,water_mask,ground_mask,solid_mask,sky_mask,structural_mask,building_mask,textile_mask,window_mask,floor_mask,ceiling_mask,wall_mask,material_mask
,,,,,,,,,,,,,,,,,,,,,,,,,
085_0097_16_0_0_backg,sports_mask,accessory_mask,animal_mask,outdoor_mask,vehicle_mask,person_mask,indoor_mask,appliance_mask,electronics_mask,furniture_mask,food_mask,kitchen_mask,plant_mask,water_mask,ground_mask,solid_mask,sky_mask,structural_mask,building_mask,textile_mask,window_mask,floor_mask,ceiling_mask,wall_mask,material_mask
,,,,,,,,,,,,,,,,,,,,,,,,,
094_0035_16_0_0_backg,sports_mask,accessory_mask,animal_mask,outdoor_mask,vehicle_mask,person_mask,indoor_mask,appliance_mask,electronics_mask,furniture_mask,food_mask,kitchen_mask,plant_mask,water_mask,ground_mask,solid_mask,sky_mask,structural_mask,building_mask,textile_mask,window_mask,floor_mask,ceiling_mask,wall_mask,material_mask
,,,,,,,,,,,,,,,,,,,,,,,,,
094_0039_16_0_0_backg,sports_mask,accessory_mask,animal_mask,outdoor_mask,vehicle_mask,person_mask,indoor_mask,appliance_mask,electronics_mask,furniture_mask,food_mask,kitchen_mask,plant_mask,water_mask,ground_mask,solid_mask,sky_mask,structural_mask,building_mask,textile_mask,window_mask,floor_mask,ceiling_mask,wall_mask,material_mask
,,,,,,,,,,,,,,,,,,,,,,,,,
095_0043_16_0_0_backg,sports_mask,accessory_mask,animal_mask,outdoor_mask,vehicle_mask,person_mask,indoor_mask,appliance_mask,electronics_mask,furniture_mask,food_mask,kitchen_mask,plant_mask,water_mask,ground_mask,solid_mask,sky_mask,structural_mask,building_mask,textile_mask,window_mask,floor_mask,ceiling_mask,wall_mask,material_mask
,,,,,,,,,,,,,,,,,,,,,,,,,
098_0029_16_0_0_backg,sports_mask,accessory_mask,animal_mask,outdoor_mask,vehicle_mask,person_mask,indoor_mask,appliance_mask,electronics_mask,furniture_mask,food_mask,kitchen_mask,plant_mask,water_mask,ground_mask,solid_mask,sky_mask,structural_mask,building_mask,textile_mask,window_mask,floor_mask,ceiling_mask,wall_mask,material_mask
,,,,,,,,,,,,,,,,,,,,,,,,,
099_0038_16_0_0_backg,sports_mask,accessory_mask,animal_mask,outdoor_mask,vehicle_mask,person_mask,indoor_mask,appliance_mask,electronics_mask,furniture_mask,food_mask,kitchen_mask,plant_mask,water_mask,ground_mask,solid_mask,sky_mask,structural_mask,building_mask,textile_mask,window_mask,floor_mask,ceiling_mask,wall_mask,material_mask
,,,,,,,,,,,,,,,,,,,,,,,,,
099_0065_16_0_0_backg,sports_mask,accessory_mask,animal_mask,outdoor_mask,vehicle_mask,person_mask,indoor_mask,appliance_mask,electronics_mask,furniture_mask,food_mask,kitchen_mask,plant_mask,water_mask,ground_mask,solid_mask,sky_mask,structural_mask,building_mask,textile_mask,window_mask,floor_mask,ceiling_mask,wall_mask,material_mask
,,,,,,,,,,,,,,,,,,,,,,,,,
101_0039_16_0_0_backg,sports_mask,accessory_mask,animal_mask,outdoor_mask,vehicle_mask,person_mask,indoor_mask,appliance_mask,electronics_mask,furniture_mask,food_mask,kitchen_mask,plant_mask,water_mask,ground_mask,solid_mask,sky_mask,structural_mask,building_mask,textile_mask,window_mask,floor_mask,ceiling_mask,wall_mask,material_mask
,,,,,,,,,,,,,,,,,,,,,,,,,
101_0099_16_0_0_backg,sports_mask,accessory_mask,animal_mask,outdoor_mask,vehicle_mask,person_mask,indoor_mask,appliance_mask,electronics_mask,furniture_mask,food_mask,kitchen_mask,plant_mask,water_mask,ground_mask,solid_mask,sky_mask,structural_mask,building_mask,textile_mask,window_mask,floor_mask,ceiling_mask,wall_mask,material_mask
,,,,,,,,,,,,,,,,,,,,,,,,,
102_0043_16_0_0_backg,sports_mask,accessory_mask,animal_mask,outdoor_mask,vehicle_mask,person_mask,indoor_mask,appliance_mask,electronics_mask,furniture_mask,food_mask,kitchen_mask,plant_mask,water_mask,ground_mask,solid_mask,sky_mask,structural_mask,building_mask,textile_mask,window_mask,floor_mask,ceiling_mask,wall_mask,material_mask
,,,,,,,,,,,,,,,,,,,,,,,,,
102_0064_16_0_0_backg,sports_mask,accessory_mask,animal_mask,outdoor_mask,vehicle_mask,person_mask,indoor_mask,appliance_mask,electronics_mask,furniture_mask,food_mask,kitchen_mask,plant_mask,water_mask,ground_mask,solid_mask,sky_mask,structural_mask,building_mask,textile_mask,window_mask,floor_mask,ceiling_mask,wall_mask,material_mask
,,,,,,,,,,,,,,,,,,,,,,,,,
103_0014_16_0_0_backg,sports_mask,accessory_mask,animal_mask,outdoor_mask,vehicle_mask,person_mask,indoor_mask,appliance_mask,electronics_mask,furniture_mask,food_mask,kitchen_mask,plant_mask,water_mask,ground_mask,solid_mask,sky_mask,structural_mask,building_mask,textile_mask,window_mask,floor_mask,ceiling_mask,wall_mask,material_mask
,,,,,,,,,,,,,,,,,,,,,,,,,
126_0049_16_0_0_backg,sports_mask,accessory_mask,animal_mask,outdoor_mask,vehicle_mask,person_mask,indoor_mask,appliance_mask,electronics_mask,furniture_mask,food_mask,kitchen_mask,plant_mask,water_mask,ground_mask,solid_mask,sky_mask,structural_mask,building_mask,textile_mask,window_mask,floor_mask,ceiling_mask,wall_mask,material_mask
,,,,,,,,,,,,,,,,,,,,,,,,,
126_0083_16_0_0_backg,sports_mask,accessory_mask,animal_mask,outdoor_mask,vehicle_mask,person_mask,indoor_mask,appliance_mask,electronics_mask,furniture_mask,food_mask,kitchen_mask,plant_mask,water_mask,ground_mask,solid_mask,sky_mask,structural_mask,building_mask,textile_mask,window_mask,floor_mask,ceiling_mask,wall_mask,material_mask
,,,,,,,,,,,,,,,,,,,,,,,,,
126_0198_16_0_0_backg,sports_mask,accessory_mask,animal_mask,outdoor_mask,vehicle_mask,person_mask,indoor_mask,appliance_mask,electronics_mask,furniture_mask,food_mask,kitchen_mask,plant_mask,water_mask,ground_mask,solid_mask,sky_mask,structural_mask,building_mask,textile_mask,window_mask,floor_mask,ceiling_mask,wall_mask,material_mask
,,,,,,,,,,,,,,,,,,,,,,,,,
136_0023_16_0_0_backg,sports_mask,accessory_mask,animal_mask,outdoor_mask,vehicle_mask,person_mask,indoor_mask,appliance_mask,electronics_mask,furniture_mask,food_mask,kitchen_mask,plant_mask,water_mask,ground_mask,solid_mask,sky_mask,structural_mask,building_mask,textile_mask,window_mask,floor_mask,ceiling_mask,wall_mask,material_mask
,,,,,,,,,,,,,,,,,,,,,,,,,
140_0014_16_0_0_backg,sports_mask,accessory_mask,animal_mask,outdoor_mask,vehicle_mask,person_mask,indoor_mask,appliance_mask,electronics_mask,furniture_mask,food_mask,kitchen_mask,plant_mask,water_mask,ground_mask,solid_mask,sky_mask,structural_mask,building_mask,textile_mask,window_mask,floor_mask,ceiling_mask,wall_mask,material_mask
,,,,,,,,,,,,,,,,,,,,,,,,,
147_0004_16_0_0_backg,sports_mask,accessory_mask,animal_mask,outdoor_mask,vehicle_mask,person_mask,indoor_mask,appliance_mask,electronics_mask,furniture_mask,food_mask,kitchen_mask,plant_mask,water_mask,ground_mask,solid_mask,sky_mask,structural_mask,building_mask,textile_mask,window_mask,floor_mask,ceiling_mask,wall_mask,material_mask
,,,,,,,,,,,,,,,,,,,,,,,,,
149_0029_16_0_0_backg,sports_mask,accessory_mask,animal_mask,outdoor_mask,vehicle_mask,person_mask,indoor_mask,appliance_mask,electronics_mask,furniture_mask,food_mask,kitchen_mask,plant_mask,water_mask,ground_mask,solid_mask,sky_mask,structural_mask,building_mask,textile_mask,window_mask,floor_mask,ceiling_mask,wall_mask,material_mask
,,,,,,,,,,,,,,,,,,,,,,,,,
149_0097_16_0_0_backg,sports_mask,accessory_mask,animal_mask,outdoor_mask,vehicle_mask,person_mask,indoor_mask,appliance_mask,electronics_mask,furniture_mask,food_mask,kitchen_mask,plant_mask,water_mask,ground_mask,solid_mask,sky_mask,structural_mask,building_mask,textile_mask,window_mask,floor_mask,ceiling_mask,wall_mask,material_mask
,,,,,,,,,,,,,,,,,,,,,,,,,
149_0100_16_0_0_backg,sports_mask,accessory_mask,animal_mask,outdoor_mask,vehicle_mask,person_mask,indoor_mask,appliance_mask,electronics_mask,furniture_mask,food_mask,kitchen_mask,plant_mask,water_mask,ground_mask,solid_mask,sky_mask,structural_mask,building_mask,textile_mask,window_mask,floor_mask,ceiling_mask,wall_mask,material_mask
,,,,,,,,,,,,,,,,,,,,,,,,,
150_0043_16_0_0_backg,sports_mask,accessory_mask,animal_mask,outdoor_mask,vehicle_mask,person_mask,indoor_mask,appliance_mask,electronics_mask,furniture_mask,food_mask,kitchen_mask,plant_mask,water_mask,ground_mask,solid_mask,sky_mask,structural_mask,building_mask,textile_mask,window_mask,floor_mask,ceiling_mask,wall_mask,material_mask
,,,,,,,,,,,,,,,,,,,,,,,,,
153_0010_16_0_0_backg,sports_mask,accessory_mask,animal_mask,outdoor_mask,vehicle_mask,person_mask,indoor_mask,appliance_mask,electronics_mask,furniture_mask,food_mask,kitchen_mask,plant_mask,water_mask,ground_mask,solid_mask,sky_mask,structural_mask,building_mask,textile_mask,window_mask,floor_mask,ceiling_mask,wall_mask,material_mask
,,,,,,,,,,,,,,,,,,,,,,,,,
162_0087_16_0_0_backg,sports_mask,accessory_mask,animal_mask,outdoor_mask,vehicle_mask,person_mask,indoor_mask,appliance_mask,electronics_mask,furniture_mask,food_mask,kitchen_mask,plant_mask,water_mask,ground_mask,solid_mask,sky_mask,structural_mask,building_mask,textile_mask,window_mask,floor_mask,ceiling_mask,wall_mask,material_mask
,,,,,,,,,,,,,,,,,,,,,,,,,
163_0055_16_0_0_backg,sports_mask,accessory_mask,animal_mask,outdoor_mask,vehicle_mask,person_mask,indoor_mask,appliance_mask,electronics_mask,furniture_mask,food_mask,kitchen_mask,plant_mask,water_mask,ground_mask,solid_mask,sky_mask,structural_mask,building_mask,textile_mask,window_mask,floor_mask,ceiling_mask,wall_mask,material_mask
,,,,,,,,,,,,,,,,,,,,,,,,,
164_0007_16_0_0_backg,sports_mask,accessory_mask,animal_mask,outdoor_mask,vehicle_mask,person_mask,indoor_mask,appliance_mask,electronics_mask,furniture_mask,food_mask,kitchen_mask,plant_mask,water_mask,ground_mask,solid_mask,sky_mask,structural_mask,building_mask,textile_mask,window_mask,floor_mask,ceiling_mask,wall_mask,material_mask
,,,,,,,,,,,,,,,,,,,,,,,,,
164_0043_16_0_0_backg,sports_mask,accessory_mask,animal_mask,outdoor_mask,vehicle_mask,person_mask,indoor_mask,appliance_mask,electronics_mask,furniture_mask,food_mask,kitchen_mask,plant_mask,water_mask,ground_mask,solid_mask,sky_mask,structural_mask,building_mask,textile_mask,window_mask,floor_mask,ceiling_mask,wall_mask,material_mask
,,,,,,,,,,,,,,,,,,,,,,,,,
164_0049_16_0_0_backg,sports_mask,accessory_mask,animal_mask,outdoor_mask,vehicle_mask,person_mask,indoor_mask,appliance_mask,electronics_mask,furniture_mask,food_mask,kitchen_mask,plant_mask,water_mask,ground_mask,solid_mask,sky_mask,structural_mask,building_mask,textile_mask,window_mask,floor_mask,ceiling_mask,wall_mask,material_mask
,,,,,,,,,,,,,,,,,,,,,,,,,
166_0002_16_0_0_backg,sports_mask,accessory_mask,animal_mask,outdoor_mask,vehicle_mask,person_mask,indoor_mask,appliance_mask,electronics_mask,furniture_mask,food_mask,kitchen_mask,plant_mask,water_mask,ground_mask,solid_mask,sky_mask,structural_mask,building_mask,textile_mask,window_mask,floor_mask,ceiling_mask,wall_mask,material_mask
,,,,,,,,,,,,,,,,,,,,,,,,,
168_0078_16_0_0_backg,sports_mask,accessory_mask,animal_mask,outdoor_mask,vehicle_mask,person_mask,indoor_mask,appliance_mask,electronics_mask,furniture_mask,food_mask,kitchen_mask,plant_mask,water_mask,ground_mask,solid_mask,sky_mask,structural_mask,building_mask,textile_mask,window_mask,floor_mask,ceiling_mask,wall_mask,material_mask
,,,,,,,,,,,,,,,,,,,,,,,,,
168_0117_16_0_0_backg,sports_mask,accessory_mask,animal_mask,outdoor_mask,vehicle_mask,person_mask,indoor_mask,appliance_mask,electronics_mask,furniture_mask,food_mask,kitchen_mask,plant_mask,water_mask,ground_mask,solid_mask,sky_mask,structural_mask,building_mask,textile_mask,window_mask,floor_mask,ceiling_mask,wall_mask,material_mask
,,,,,,,,,,,,,,,,,,,,,,,,,
169_0014_16_0_0_backg,sports_mask,accessory_mask,animal_mask,outdoor_mask,vehicle_mask,person_mask,indoor_mask,appliance_mask,electronics_mask,furniture_mask,food_mask,kitchen_mask,plant_mask,water_mask,ground_mask,solid_mask,sky_mask,structural_mask,building_mask,textile_mask,window_mask,floor_mask,ceiling_mask,wall_mask,material_mask
,,,,,,,,,,,,,,,,,,,,,,,,,
169_0023_16_0_0_backg,sports_mask,accessory_mask,animal_mask,outdoor_mask,vehicle_mask,person_mask,indoor_mask,appliance_mask,electronics_mask,furniture_mask,food_mask,kitchen_mask,plant_mask,water_mask,ground_mask,solid_mask,sky_mask,structural_mask,building_mask,textile_mask,window_mask,floor_mask,ceiling_mask,wall_mask,material_mask
,,,,,,,,,,,,,,,,,,,,,,,,,
169_0069_16_0_0_backg,sports_mask,accessory_mask,animal_mask,outdoor_mask,vehicle_mask,person_mask,indoor_mask,appliance_mask,electronics_mask,furniture_mask,food_mask,kitchen_mask,plant_mask,water_mask,ground_mask,solid_mask,sky_mask,structural_mask,building_mask,textile_mask,window_mask,floor_mask,ceiling_mask,wall_mask,material_mask
,,,,,,,,,,,,,,,,,,,,,,,,,
173_0043_16_0_0_backg,sports_mask,accessory_mask,animal_mask,outdoor_mask,vehicle_mask,person_mask,indoor_mask,appliance_mask,electronics_mask,furniture_mask,food_mask,kitchen_mask,plant_mask,water_mask,ground_mask,solid_mask,sky_mask,structural_mask,building_mask,textile_mask,window_mask,floor_mask,ceiling_mask,wall_mask,material_mask
,,,,,,,,,,,,,,,,,,,,,,,,,
174_0019_16_0_0_backg,sports_mask,accessory_mask,animal_mask,outdoor_mask,vehicle_mask,person_mask,indoor_mask,appliance_mask,electronics_mask,furniture_mask,food_mask,kitchen_mask,plant_mask,water_mask,ground_mask,solid_mask,sky_mask,structural_mask,building_mask,textile_mask,window_mask,floor_mask,ceiling_mask,wall_mask,material_mask
,,,,,,,,,,,,,,,,,,,,,,,,,
175_0052_16_0_0_backg,sports_mask,accessory_mask,animal_mask,outdoor_mask,vehicle_mask,person_mask,indoor_mask,appliance_mask,electronics_mask,furniture_mask,food_mask,kitchen_mask,plant_mask,water_mask,ground_mask,solid_mask,sky_mask,structural_mask,building_mask,textile_mask,window_mask,floor_mask,ceiling_mask,wall_mask,material_mask
,,,,,,,,,,,,,,,,,,,,,,,,,
178_0006_16_0_0_backg,sports_mask,accessory_mask,animal_mask,outdoor_mask,vehicle_mask,person_mask,indoor_mask,appliance_mask,electronics_mask,furniture_mask,food_mask,kitchen_mask,plant_mask,water_mask,ground_mask,solid_mask,sky_mask,structural_mask,building_mask,textile_mask,window_mask,floor_mask,ceiling_mask,wall_mask,material_mask
,,,,,,,,,,,,,,,,,,,,,,,,,
178_0024_16_0_0_backg,sports_mask,accessory_mask,animal_mask,outdoor_mask,vehicle_mask,person_mask,indoor_mask,appliance_mask,electronics_mask,furniture_mask,food_mask,kitchen_mask,plant_mask,water_mask,ground_mask,solid_mask,sky_mask,structural_mask,building_mask,textile_mask,window_mask,floor_mask,ceiling_mask,wall_mask,material_mask
,,,,,,,,,,,,,,,,,,,,,,,,,
178_0072_16_0_0_backg,sports_mask,accessory_mask,animal_mask,outdoor_mask,vehicle_mask,person_mask,indoor_mask,appliance_mask,electronics_mask,furniture_mask,food_mask,kitchen_mask,plant_mask,water_mask,ground_mask,solid_mask,sky_mask,structural_mask,building_mask,textile_mask,window_mask,floor_mask,ceiling_mask,wall_mask,material_mask
,,,,,,,,,,,,,,,,,,,,,,,,,
180_0038_16_0_0_backg,sports_mask,accessory_mask,animal_mask,outdoor_mask,vehicle_mask,person_mask,indoor_mask,appliance_mask,electronics_mask,furniture_mask,food_mask,kitchen_mask,plant_mask,water_mask,ground_mask,solid_mask,sky_mask,structural_mask,building_mask,textile_mask,window_mask,floor_mask,ceiling_mask,wall_mask,material_mask
,,,,,,,,,,,,,,,,,,,,,,,,,
182_0017_16_0_0_backg,sports_mask,accessory_mask,animal_mask,outdoor_mask,vehicle_mask,person_mask,indoor_mask,appliance_mask,electronics_mask,furniture_mask,food_mask,kitchen_mask,plant_mask,water_mask,ground_mask,solid_mask,sky_mask,structural_mask,building_mask,textile_mask,window_mask,floor_mask,ceiling_mask,wall_mask,material_mask
,,,,,,,,,,,,,,,,,,,,,,,,,
187_0026_16_0_0_backg,sports_mask,accessory_mask,animal_mask,outdoor_mask,vehicle_mask,person_mask,indoor_mask,appliance_mask,electronics_mask,furniture_mask,food_mask,kitchen_mask,plant_mask,water_mask,ground_mask,solid_mask,sky_mask,structural_mask,building_mask,textile_mask,window_mask,floor_mask,ceiling_mask,wall_mask,material_mask
,,,,,,,,,,,,,,,,,,,,,,,,,
187_0079_16_0_0_backg,sports_mask,accessory_mask,animal_mask,outdoor_mask,vehicle_mask,person_mask,indoor_mask,appliance_mask,electronics_mask,furniture_mask,food_mask,kitchen_mask,plant_mask,water_mask,ground_mask,solid_mask,sky_mask,structural_mask,building_mask,textile_mask,window_mask,floor_mask,ceiling_mask,wall_mask,material_mask
,,,,,,,,,,,,,,,,,,,,,,,,,
187_0093_16_0_0_backg,sports_mask,accessory_mask,animal_mask,outdoor_mask,vehicle_mask,person_mask,indoor_mask,appliance_mask,electronics_mask,furniture_mask,food_mask,kitchen_mask,plant_mask,water_mask,ground_mask,solid_mask,sky_mask,structural_mask,building_mask,textile_mask,window_mask,floor_mask,ceiling_mask,wall_mask,material_mask
,,,,,,,,,,,,,,,,,,,,,,,,,
189_0019_16_0_0_backg,sports_mask,accessory_mask,animal_mask,outdoor_mask,vehicle_mask,person_mask,indoor_mask,appliance_mask,electronics_mask,furniture_mask,food_mask,kitchen_mask,plant_mask,water_mask,ground_mask,solid_mask,sky_mask,structural_mask,building_mask,textile_mask,window_mask,floor_mask,ceiling_mask,wall_mask,material_mask
,,,,,,,,,,,,,,,,,,,,,,,,,
190_0043_16_0_0_backg,sports_mask,accessory_mask,animal_mask,outdoor_mask,vehicle_mask,person_mask,indoor_mask,appliance_mask,electronics_mask,furniture_mask,food_mask,kitchen_mask,plant_mask,water_mask,ground_mask,solid_mask,sky_mask,structural_mask,building_mask,textile_mask,window_mask,floor_mask,ceiling_mask,wall_mask,material_mask
,,,,,,,,,,,,,,,,,,,,,,,,,
190_0049_16_0_0_backg,sports_mask,accessory_mask,animal_mask,outdoor_mask,vehicle_mask,person_mask,indoor_mask,appliance_mask,electronics_mask,furniture_mask,food_mask,kitchen_mask,plant_mask,water_mask,ground_mask,solid_mask,sky_mask,structural_mask,building_mask,textile_mask,window_mask,floor_mask,ceiling_mask,wall_mask,material_mask
,,,,,,,,,,,,,,,,,,,,,,,,,
192_0103_16_0_0_backg,sports_mask,accessory_mask,animal_mask,outdoor_mask,vehicle_mask,person_mask,indoor_mask,appliance_mask,electronics_mask,furniture_mask,food_mask,kitchen_mask,plant_mask,water_mask,ground_mask,solid_mask,sky_mask,structural_mask,building_mask,textile_mask,window_mask,floor_mask,ceiling_mask,wall_mask,material_mask
,,,,,,,,,,,,,,,,,,,,,,,,,
193_0114_16_0_0_backg,sports_mask,accessory_mask,animal_mask,outdoor_mask,vehicle_mask,person_mask,indoor_mask,appliance_mask,electronics_mask,furniture_mask,food_mask,kitchen_mask,plant_mask,water_mask,ground_mask,solid_mask,sky_mask,structural_mask,building_mask,textile_mask,window_mask,floor_mask,ceiling_mask,wall_mask,material_mask
,,,,,,,,,,,,,,,,,,,,,,,,,
193_0157_16_0_0_backg,sports_mask,accessory_mask,animal_mask,outdoor_mask,vehicle_mask,person_mask,indoor_mask,appliance_mask,electronics_mask,furniture_mask,food_mask,kitchen_mask,plant_mask,water_mask,ground_mask,solid_mask,sky_mask,structural_mask,building_mask,textile_mask,window_mask,floor_mask,ceiling_mask,wall_mask,material_mask
,,,,,,,,,,,,,,,,,,,,,,,,,
197_0086_16_0_0_backg,sports_mask,accessory_mask,animal_mask,outdoor_mask,vehicle_mask,person_mask,indoor_mask,appliance_mask,electronics_mask,furniture_mask,food_mask,kitchen_mask,plant_mask,water_mask,ground_mask,solid_mask,sky_mask,structural_mask,building_mask,textile_mask,window_mask,floor_mask,ceiling_mask,wall_mask,material_mask
,,,,,,,,,,,,,,,,,,,,,,,,,
206_0042_16_0_0_backg,sports_mask,accessory_mask,animal_mask,outdoor_mask,vehicle_mask,person_mask,indoor_mask,appliance_mask,electronics_mask,furniture_mask,food_mask,kitchen_mask,plant_mask,water_mask,ground_mask,solid_mask,sky_mask,structural_mask,building_mask,textile_mask,window_mask,floor_mask,ceiling_mask,wall_mask,material_mask
,,,,,,,,,,,,,,,,,,,,,,,,,
212_0095_16_0_0_backg,sports_mask,accessory_mask,animal_mask,outdoor_mask,vehicle_mask,person_mask,indoor_mask,appliance_mask,electronics_mask,furniture_mask,food_mask,kitchen_mask,plant_mask,water_mask,ground_mask,solid_mask,sky_mask,structural_mask,building_mask,textile_mask,window_mask,floor_mask,ceiling_mask,wall_mask,material_mask
,,,,,,,,,,,,,,,,,,,,,,,,,
212_0098_16_0_0_backg,sports_mask,accessory_mask,animal_mask,outdoor_mask,vehicle_mask,person_mask,indoor_mask,appliance_mask,electronics_mask,furniture_mask,food_mask,kitchen_mask,plant_mask,water_mask,ground_mask,solid_mask,sky_mask,structural_mask,building_mask,textile_mask,window_mask,floor_mask,ceiling_mask,wall_mask,material_mask
,,,,,,,,,,,,,,,,,,,,,,,,,
213_0006_16_0_0_backg,sports_mask,accessory_mask,animal_mask,outdoor_mask,vehicle_mask,person_mask,indoor_mask,appliance_mask,electronics_mask,furniture_mask,food_mask,kitchen_mask,plant_mask,water_mask,ground_mask,solid_mask,sky_mask,structural_mask,building_mask,textile_mask,window_mask,floor_mask,ceiling_mask,wall_mask,material_mask
,,,,,,,,,,,,,,,,,,,,,,,,,
214_0043_16_0_0_backg,sports_mask,accessory_mask,animal_mask,outdoor_mask,vehicle_mask,person_mask,indoor_mask,appliance_mask,electronics_mask,furniture_mask,food_mask,kitchen_mask,plant_mask,water_mask,ground_mask,solid_mask,sky_mask,structural_mask,building_mask,textile_mask,window_mask,floor_mask,ceiling_mask,wall_mask,material_mask
,,,,,,,,,,,,,,,,,,,,,,,,,
214_0097_16_0_0_backg,sports_mask,accessory_mask,animal_mask,outdoor_mask,vehicle_mask,person_mask,indoor_mask,appliance_mask,electronics_mask,furniture_mask,food_mask,kitchen_mask,plant_mask,water_mask,ground_mask,solid_mask,sky_mask,structural_mask,building_mask,textile_mask,window_mask,floor_mask,ceiling_mask,wall_mask,material_mask
,,,,,,,,,,,,,,,,,,,,,,,,,
216_0040_16_0_0_backg,sports_mask,accessory_mask,animal_mask,outdoor_mask,vehicle_mask,person_mask,indoor_mask,appliance_mask,electronics_mask,furniture_mask,food_mask,kitchen_mask,plant_mask,water_mask,ground_mask,solid_mask,sky_mask,structural_mask,building_mask,textile_mask,window_mask,floor_mask,ceiling_mask,wall_mask,material_mask
,,,,,,,,,,,,,,,,,,,,,,,,,
221_0043_16_0_0_backg,sports_mask,accessory_mask,animal_mask,outdoor_mask,vehicle_mask,person_mask,indoor_mask,appliance_mask,electronics_mask,furniture_mask,food_mask,kitchen_mask,plant_mask,water_mask,ground_mask,solid_mask,sky_mask,structural_mask,building_mask,textile_mask,window_mask,floor_mask,ceiling_mask,wall_mask,material_mask
,,,,,,,,,,,,,,,,,,,,,,,,,
bigPic001,sports_mask,accessory_mask,animal_mask,outdoor_mask,vehicle_mask,person_mask,indoor_mask,appliance_mask,electronics_mask,furniture_mask,food_mask,kitchen_mask,plant_mask,water_mask,ground_mask,solid_mask,sky_mask,structural_mask,building_mask,textile_mask,window_mask,floor_mask,ceiling_mask,wall_mask,material_mask
,,,,,,,,,,,,,,,,,,,,,,,,,
bigPic002,sports_mask,accessory_mask,animal_mask,outdoor_mask,vehicle_mask,person_mask,indoor_mask,appliance_mask,electronics_mask,furniture_mask,food_mask,kitchen_mask,plant_mask,water_mask,ground_mask,solid_mask,sky_mask,structural_mask,building_mask,textile_mask,window_mask,floor_mask,ceiling_mask,wall_mask,material_mask
,,,,,,,,,,,,,,,,,,,,,,,,,
canada-geese-geese-animals-water-53531._16_backg,sports_mask,accessory_mask,animal_mask,outdoor_mask,vehicle_mask,person_mask,indoor_mask,appliance_mask,electronics_mask,furniture_mask,food_mask,kitchen_mask,plant_mask,water_mask,ground_mask,solid_mask,sky_mask,structural_mask,building_mask,textile_mask,window_mask,floor_mask,ceiling_mask,wall_mask,material_mask
,,,,,,,,,,,,,,,,,,,,,,,,,
CarlosPPE_03 - Copy_16_0_0_backg,sports_mask,accessory_mask,animal_mask,outdoor_mask,vehicle_mask,person_mask,indoor_mask,appliance_mask,electronics_mask,furniture_mask,food_mask,kitchen_mask,plant_mask,water_mask,ground_mask,solid_mask,sky_mask,structural_mask,building_mask,textile_mask,window_mask,floor_mask,ceiling_mask,wall_mask,material_mask
,,,,,,,,,,,,,,,,,,,,,,,,,
cat-red-cute-mackerel_16_backg,sports_mask,accessory_mask,animal_mask,outdoor_mask,vehicle_mask,person_mask,indoor_mask,appliance_mask,electronics_mask,furniture_mask,food_mask,kitchen_mask,plant_mask,water_mask,ground_mask,solid_mask,sky_mask,structural_mask,building_mask,textile_mask,window_mask,floor_mask,ceiling_mask,wall_mask,material_mask
,,,,,,,,,,,,,,,,,,,,,,,,,
chimpanzee-uganda-monkey_16_backg,sports_mask,accessory_mask,animal_mask,outdoor_mask,vehicle_mask,person_mask,indoor_mask,appliance_mask,electronics_mask,furniture_mask,food_mask,kitchen_mask,plant_mask,water_mask,ground_mask,solid_mask,sky_mask,structural_mask,building_mask,textile_mask,window_mask,floor_mask,ceiling_mask,wall_mask,material_mask
,,,,,,,,,,,,,,,,,,,,,,,,,
clinic-doctor-health-hospital._16_0_0_backg,sports_mask,accessory_mask,animal_mask,outdoor_mask,vehicle_mask,person_mask,indoor_mask,appliance_mask,electronics_mask,furniture_mask,food_mask,kitchen_mask,plant_mask,water_mask,ground_mask,solid_mask,sky_mask,structural_mask,building_mask,textile_mask,window_mask,floor_mask,ceiling_mask,wall_mask,material_mask
,,,,,,,,,,,,,,,,,,,,,,,,,
cross_random_00_135_28_16_0_0_backg,sports_mask,accessory_mask,animal_mask,outdoor_mask,vehicle_mask,person_mask,indoor_mask,appliance_mask,electronics_mask,furniture_mask,food_mask,kitchen_mask,plant_mask,water_mask,ground_mask,solid_mask,sky_mask,structural_mask,building_mask,textile_mask,window_mask,floor_mask,ceiling_mask,wall_mask,material_mask
,,,,,,,,,,,,,,,,,,,,,,,,,
Cynomolgus-macaque-with-pumpkin,sports_mask,accessory_mask,animal_mask,outdoor_mask,vehicle_mask,person_mask,indoor_mask,appliance_mask,electronics_mask,furniture_mask,food_mask,kitchen_mask,plant_mask,water_mask,ground_mask,solid_mask,sky_mask,structural_mask,building_mask,textile_mask,window_mask,floor_mask,ceiling_mask,wall_mask,material_mask
,,,,,,,,,,,,,,,,,,,,,,,,,
DSCF0026 - Copy_16_0_0_backg,sports_mask,accessory_mask,animal_mask,outdoor_mask,vehicle_mask,person_mask,indoor_mask,appliance_mask,electronics_mask,furniture_mask,food_mask,kitchen_mask,plant_mask,water_mask,ground_mask,solid_mask,sky_mask,structural_mask,building_mask,textile_mask,window_mask,floor_mask,ceiling_mask,wall_mask,material_mask
,,,,,,,,,,,,,,,,,,,,,,,,,
DSCF0031_16_0_0_backg,sports_mask,accessory_mask,animal_mask,outdoor_mask,vehicle_mask,person_mask,indoor_mask,appliance_mask,electronics_mask,furniture_mask,food_mask,kitchen_mask,plant_mask,water_mask,ground_mask,solid_mask,sky_mask,structural_mask,building_mask,textile_mask,window_mask,floor_mask,ceiling_mask,wall_mask,material_mask
,,,,,,,,,,,,,,,,,,,,,,,,,
DSCF0110_16_0_0_backg,sports_mask,accessory_mask,animal_mask,outdoor_mask,vehicle_mask,person_mask,indoor_mask,appliance_mask,electronics_mask,furniture_mask,food_mask,kitchen_mask,plant_mask,water_mask,ground_mask,solid_mask,sky_mask,structural_mask,building_mask,textile_mask,window_mask,floor_mask,ceiling_mask,wall_mask,material_mask
,,,,,,,,,,,,,,,,,,,,,,,,,
DSCF0145_16_0_0_backg,sports_mask,accessory_mask,animal_mask,outdoor_mask,vehicle_mask,person_mask,indoor_mask,appliance_mask,electronics_mask,furniture_mask,food_mask,kitchen_mask,plant_mask,water_mask,ground_mask,solid_mask,sky_mask,structural_mask,building_mask,textile_mask,window_mask,floor_mask,ceiling_mask,wall_mask,material_mask
,,,,,,,,,,,,,,,,,,,,,,,,,
DSCF0183_16_0_0_backg,sports_mask,accessory_mask,animal_mask,outdoor_mask,vehicle_mask,person_mask,indoor_mask,appliance_mask,electronics_mask,furniture_mask,food_mask,kitchen_mask,plant_mask,water_mask,ground_mask,solid_mask,sky_mask,structural_mask,building_mask,textile_mask,window_mask,floor_mask,ceiling_mask,wall_mask,material_mask
,,,,,,,,,,,,,,,,,,,,,,,,,
DSCF0212_16_0_0_backg,sports_mask,accessory_mask,animal_mask,outdoor_mask,vehicle_mask,person_mask,indoor_mask,appliance_mask,electronics_mask,furniture_mask,food_mask,kitchen_mask,plant_mask,water_mask,ground_mask,solid_mask,sky_mask,structural_mask,building_mask,textile_mask,window_mask,floor_mask,ceiling_mask,wall_mask,material_mask
,,,,,,,,,,,,,,,,,,,,,,,,,
DSCF0242_16_0_0_backg,sports_mask,accessory_mask,animal_mask,outdoor_mask,vehicle_mask,person_mask,indoor_mask,appliance_mask,electronics_mask,furniture_mask,food_mask,kitchen_mask,plant_mask,water_mask,ground_mask,solid_mask,sky_mask,structural_mask,building_mask,textile_mask,window_mask,floor_mask,ceiling_mask,wall_mask,material_mask
,,,,,,,,,,,,,,,,,,,,,,,,,
faces_75_2_backg2,sports_mask,accessory_mask,animal_mask,outdoor_mask,vehicle_mask,person_mask,indoor_mask,appliance_mask,electronics_mask,furniture_mask,food_mask,kitchen_mask,plant_mask,water_mask,ground_mask,solid_mask,sky_mask,structural_mask,building_mask,textile_mask,window_mask,floor_mask,ceiling_mask,wall_mask,material_mask
,,,,,,,,,,,,,,,,,,,,,,,,,
face_human_01._16_0_0_backg,sports_mask,accessory_mask,animal_mask,outdoor_mask,vehicle_mask,person_mask,indoor_mask,appliance_mask,electronics_mask,furniture_mask,food_mask,kitchen_mask,plant_mask,water_mask,ground_mask,solid_mask,sky_mask,structural_mask,building_mask,textile_mask,window_mask,floor_mask,ceiling_mask,wall_mask,material_mask
,,,,,,,,,,,,,,,,,,,,,,,,,
face_human_13._16_0_0_backg,sports_mask,accessory_mask,animal_mask,outdoor_mask,vehicle_mask,person_mask,indoor_mask,appliance_mask,electronics_mask,furniture_mask,food_mask,kitchen_mask,plant_mask,water_mask,ground_mask,solid_mask,sky_mask,structural_mask,building_mask,textile_mask,window_mask,floor_mask,ceiling_mask,wall_mask,material_mask
,,,,,,,,,,,,,,,,,,,,,,,,,
foodbanana_faces_and_bodies_16_0_0_backg,sports_mask,accessory_mask,animal_mask,outdoor_mask,vehicle_mask,person_mask,indoor_mask,appliance_mask,electronics_mask,furniture_mask,food_mask,kitchen_mask,plant_mask,water_mask,ground_mask,solid_mask,sky_mask,structural_mask,building_mask,textile_mask,window_mask,floor_mask,ceiling_mask,wall_mask,material_mask
,,,,,,,,,,,,,,,,,,,,,,,,,
grey-crowned-crane-bird-crane-animal-45853._16_backg,sports_mask,accessory_mask,animal_mask,outdoor_mask,vehicle_mask,person_mask,indoor_mask,appliance_mask,electronics_mask,furniture_mask,food_mask,kitchen_mask,plant_mask,water_mask,ground_mask,solid_mask,sky_mask,structural_mask,building_mask,textile_mask,window_mask,floor_mask,ceiling_mask,wall_mask,material_mask
,,,,,,,,,,,,,,,,,,,,,,,,,
hands_N_faceMask_busy_02_backg,sports_mask,accessory_mask,animal_mask,outdoor_mask,vehicle_mask,person_mask,indoor_mask,appliance_mask,electronics_mask,furniture_mask,food_mask,kitchen_mask,plant_mask,water_mask,ground_mask,solid_mask,sky_mask,structural_mask,building_mask,textile_mask,window_mask,floor_mask,ceiling_mask,wall_mask,material_mask
,,,,,,,,,,,,,,,,,,,,,,,,,
hands_N_face_Busy_01_backg,sports_mask,accessory_mask,animal_mask,outdoor_mask,vehicle_mask,person_mask,indoor_mask,appliance_mask,electronics_mask,furniture_mask,food_mask,kitchen_mask,plant_mask,water_mask,ground_mask,solid_mask,sky_mask,structural_mask,building_mask,textile_mask,window_mask,floor_mask,ceiling_mask,wall_mask,material_mask
,,,,,,,,,,,,,,,,,,,,,,,,,
hedgehog-animal-mammal-hannah-162086._16_backg,sports_mask,accessory_mask,animal_mask,outdoor_mask,vehicle_mask,person_mask,indoor_mask,appliance_mask,electronics_mask,furniture_mask,food_mask,kitchen_mask,plant_mask,water_mask,ground_mask,solid_mask,sky_mask,structural_mask,building_mask,textile_mask,window_mask,floor_mask,ceiling_mask,wall_mask,material_mask
,,,,,,,,,,,,,,,,,,,,,,,,,
human_humanhandshake_16_0_0_backg,sports_mask,accessory_mask,animal_mask,outdoor_mask,vehicle_mask,person_mask,indoor_mask,appliance_mask,electronics_mask,furniture_mask,food_mask,kitchen_mask,plant_mask,water_mask,ground_mask,solid_mask,sky_mask,structural_mask,building_mask,textile_mask,window_mask,floor_mask,ceiling_mask,wall_mask,material_mask
,,,,,,,,,,,,,,,,,,,,,,,,,
human_humanparent_childdifferent_facial_expressions_16_0_0_backg,sports_mask,accessory_mask,animal_mask,outdoor_mask,vehicle_mask,person_mask,indoor_mask,appliance_mask,electronics_mask,furniture_mask,food_mask,kitchen_mask,plant_mask,water_mask,ground_mask,solid_mask,sky_mask,structural_mask,building_mask,textile_mask,window_mask,floor_mask,ceiling_mask,wall_mask,material_mask
,,,,,,,,,,,,,,,,,,,,,,,,,
human_monkey_no_human_face_food_16_0_0_backg,sports_mask,accessory_mask,animal_mask,outdoor_mask,vehicle_mask,person_mask,indoor_mask,appliance_mask,electronics_mask,furniture_mask,food_mask,kitchen_mask,plant_mask,water_mask,ground_mask,solid_mask,sky_mask,structural_mask,building_mask,textile_mask,window_mask,floor_mask,ceiling_mask,wall_mask,material_mask
,,,,,,,,,,,,,,,,,,,,,,,,,
leaf-nature-green-spring-122429._16_backg,sports_mask,accessory_mask,animal_mask,outdoor_mask,vehicle_mask,person_mask,indoor_mask,appliance_mask,electronics_mask,furniture_mask,food_mask,kitchen_mask,plant_mask,water_mask,ground_mask,solid_mask,sky_mask,structural_mask,building_mask,textile_mask,window_mask,floor_mask,ceiling_mask,wall_mask,material_mask
,,,,,,,,,,,,,,,,,,,,,,,,,
monkey_group_16_0_0_backg,sports_mask,accessory_mask,animal_mask,outdoor_mask,vehicle_mask,person_mask,indoor_mask,appliance_mask,electronics_mask,furniture_mask,food_mask,kitchen_mask,plant_mask,water_mask,ground_mask,solid_mask,sky_mask,structural_mask,building_mask,textile_mask,window_mask,floor_mask,ceiling_mask,wall_mask,material_mask
,,,,,,,,,,,,,,,,,,,,,,,,,
monkey_monkey_not_physically_touching_monkey_faces_16_0_0_backg,sports_mask,accessory_mask,animal_mask,outdoor_mask,vehicle_mask,person_mask,indoor_mask,appliance_mask,electronics_mask,furniture_mask,food_mask,kitchen_mask,plant_mask,water_mask,ground_mask,solid_mask,sky_mask,structural_mask,building_mask,textile_mask,window_mask,floor_mask,ceiling_mask,wall_mask,material_mask
,,,,,,,,,,,,,,,,,,,,,,,,,
monkey_parent_and_young02b_16_0_0_backg,sports_mask,accessory_mask,animal_mask,outdoor_mask,vehicle_mask,person_mask,indoor_mask,appliance_mask,electronics_mask,furniture_mask,food_mask,kitchen_mask,plant_mask,water_mask,ground_mask,solid_mask,sky_mask,structural_mask,building_mask,textile_mask,window_mask,floor_mask,ceiling_mask,wall_mask,material_mask
,,,,,,,,,,,,,,,,,,,,,,,,,
monkey_with_food_eye_contact_16_0_0_backg,sports_mask,accessory_mask,animal_mask,outdoor_mask,vehicle_mask,person_mask,indoor_mask,appliance_mask,electronics_mask,furniture_mask,food_mask,kitchen_mask,plant_mask,water_mask,ground_mask,solid_mask,sky_mask,structural_mask,building_mask,textile_mask,window_mask,floor_mask,ceiling_mask,wall_mask,material_mask
,,,,,,,,,,,,,,,,,,,,,,,,,
monke_ and_mirror_16_0_0_backg,sports_mask,accessory_mask,animal_mask,outdoor_mask,vehicle_mask,person_mask,indoor_mask,appliance_mask,electronics_mask,furniture_mask,food_mask,kitchen_mask,plant_mask,water_mask,ground_mask,solid_mask,sky_mask,structural_mask,building_mask,textile_mask,window_mask,floor_mask,ceiling_mask,wall_mask,material_mask
,,,,,,,,,,,,,,,,,,,,,,,,,
n01494475_10250._16_0_0_backg,sports_mask,accessory_mask,animal_mask,outdoor_mask,vehicle_mask,person_mask,indoor_mask,appliance_mask,electronics_mask,furniture_mask,food_mask,kitchen_mask,plant_mask,water_mask,ground_mask,solid_mask,sky_mask,structural_mask,building_mask,textile_mask,window_mask,floor_mask,ceiling_mask,wall_mask,material_mask
,,,,,,,,,,,,,,,,,,,,,,,,,
n01494475_1364._16_0_0_backg,sports_mask,accessory_mask,animal_mask,outdoor_mask,vehicle_mask,person_mask,indoor_mask,appliance_mask,electronics_mask,furniture_mask,food_mask,kitchen_mask,plant_mask,water_mask,ground_mask,solid_mask,sky_mask,structural_mask,building_mask,textile_mask,window_mask,floor_mask,ceiling_mask,wall_mask,material_mask
,,,,,,,,,,,,,,,,,,,,,,,,,
n01494475_163._16_0_0_backg,sports_mask,accessory_mask,animal_mask,outdoor_mask,vehicle_mask,person_mask,indoor_mask,appliance_mask,electronics_mask,furniture_mask,food_mask,kitchen_mask,plant_mask,water_mask,ground_mask,solid_mask,sky_mask,structural_mask,building_mask,textile_mask,window_mask,floor_mask,ceiling_mask,wall_mask,material_mask
,,,,,,,,,,,,,,,,,,,,,,,,,
n01494475_16418._16_0_0_backg,sports_mask,accessory_mask,animal_mask,outdoor_mask,vehicle_mask,person_mask,indoor_mask,appliance_mask,electronics_mask,furniture_mask,food_mask,kitchen_mask,plant_mask,water_mask,ground_mask,solid_mask,sky_mask,structural_mask,building_mask,textile_mask,window_mask,floor_mask,ceiling_mask,wall_mask,material_mask
,,,,,,,,,,,,,,,,,,,,,,,,,
n01494475_194._16_0_0_backg,sports_mask,accessory_mask,animal_mask,outdoor_mask,vehicle_mask,person_mask,indoor_mask,appliance_mask,electronics_mask,furniture_mask,food_mask,kitchen_mask,plant_mask,water_mask,ground_mask,solid_mask,sky_mask,structural_mask,building_mask,textile_mask,window_mask,floor_mask,ceiling_mask,wall_mask,material_mask
,,,,,,,,,,,,,,,,,,,,,,,,,
n01494475_2272._16_0_0_backg,sports_mask,accessory_mask,animal_mask,outdoor_mask,vehicle_mask,person_mask,indoor_mask,appliance_mask,electronics_mask,furniture_mask,food_mask,kitchen_mask,plant_mask,water_mask,ground_mask,solid_mask,sky_mask,structural_mask,building_mask,textile_mask,window_mask,floor_mask,ceiling_mask,wall_mask,material_mask
,,,,,,,,,,,,,,,,,,,,,,,,,
n01494475_245._16_0_0_backg,sports_mask,accessory_mask,animal_mask,outdoor_mask,vehicle_mask,person_mask,indoor_mask,appliance_mask,electronics_mask,furniture_mask,food_mask,kitchen_mask,plant_mask,water_mask,ground_mask,solid_mask,sky_mask,structural_mask,building_mask,textile_mask,window_mask,floor_mask,ceiling_mask,wall_mask,material_mask
,,,,,,,,,,,,,,,,,,,,,,,,,
n01494475_2923._16_0_0_backg,sports_mask,accessory_mask,animal_mask,outdoor_mask,vehicle_mask,person_mask,indoor_mask,appliance_mask,electronics_mask,furniture_mask,food_mask,kitchen_mask,plant_mask,water_mask,ground_mask,solid_mask,sky_mask,structural_mask,building_mask,textile_mask,window_mask,floor_mask,ceiling_mask,wall_mask,material_mask
,,,,,,,,,,,,,,,,,,,,,,,,,
n01494475_4968._16_0_0_backg,sports_mask,accessory_mask,animal_mask,outdoor_mask,vehicle_mask,person_mask,indoor_mask,appliance_mask,electronics_mask,furniture_mask,food_mask,kitchen_mask,plant_mask,water_mask,ground_mask,solid_mask,sky_mask,structural_mask,building_mask,textile_mask,window_mask,floor_mask,ceiling_mask,wall_mask,material_mask
,,,,,,,,,,,,,,,,,,,,,,,,,
n01494475_5961._16_0_0_backg,sports_mask,accessory_mask,animal_mask,outdoor_mask,vehicle_mask,person_mask,indoor_mask,appliance_mask,electronics_mask,furniture_mask,food_mask,kitchen_mask,plant_mask,water_mask,ground_mask,solid_mask,sky_mask,structural_mask,building_mask,textile_mask,window_mask,floor_mask,ceiling_mask,wall_mask,material_mask
,,,,,,,,,,,,,,,,,,,,,,,,,
n01494475_6031._16_0_0_backg,sports_mask,accessory_mask,animal_mask,outdoor_mask,vehicle_mask,person_mask,indoor_mask,appliance_mask,electronics_mask,furniture_mask,food_mask,kitchen_mask,plant_mask,water_mask,ground_mask,solid_mask,sky_mask,structural_mask,building_mask,textile_mask,window_mask,floor_mask,ceiling_mask,wall_mask,material_mask
,,,,,,,,,,,,,,,,,,,,,,,,,
n01494475_6046._16_0_0_backg,sports_mask,accessory_mask,animal_mask,outdoor_mask,vehicle_mask,person_mask,indoor_mask,appliance_mask,electronics_mask,furniture_mask,food_mask,kitchen_mask,plant_mask,water_mask,ground_mask,solid_mask,sky_mask,structural_mask,building_mask,textile_mask,window_mask,floor_mask,ceiling_mask,wall_mask,material_mask
,,,,,,,,,,,,,,,,,,,,,,,,,
OliviaPPE_04_16_0_0_backg,sports_mask,accessory_mask,animal_mask,outdoor_mask,vehicle_mask,person_mask,indoor_mask,appliance_mask,electronics_mask,furniture_mask,food_mask,kitchen_mask,plant_mask,water_mask,ground_mask,solid_mask,sky_mask,structural_mask,building_mask,textile_mask,window_mask,floor_mask,ceiling_mask,wall_mask,material_mask
,,,,,,,,,,,,,,,,,,,,,,,,,
Original06_16_0_0_backg,sports_mask,accessory_mask,animal_mask,outdoor_mask,vehicle_mask,person_mask,indoor_mask,appliance_mask,electronics_mask,furniture_mask,food_mask,kitchen_mask,plant_mask,water_mask,ground_mask,solid_mask,sky_mask,structural_mask,building_mask,textile_mask,window_mask,floor_mask,ceiling_mask,wall_mask,material_mask
,,,,,,,,,,,,,,,,,,,,,,,,,
Original11_16_0_0_backg,sports_mask,accessory_mask,animal_mask,outdoor_mask,vehicle_mask,person_mask,indoor_mask,appliance_mask,electronics_mask,furniture_mask,food_mask,kitchen_mask,plant_mask,water_mask,ground_mask,solid_mask,sky_mask,structural_mask,building_mask,textile_mask,window_mask,floor_mask,ceiling_mask,wall_mask,material_mask
,,,,,,,,,,,,,,,,,,,,,,,,,
peacock-bird-plumage-color-53184._16_backg,sports_mask,accessory_mask,animal_mask,outdoor_mask,vehicle_mask,person_mask,indoor_mask,appliance_mask,electronics_mask,furniture_mask,food_mask,kitchen_mask,plant_mask,water_mask,ground_mask,solid_mask,sky_mask,structural_mask,building_mask,textile_mask,window_mask,floor_mask,ceiling_mask,wall_mask,material_mask
,,,,,,,,,,,,,,,,,,,,,,,,,
pexels-photo-1415552_16_0_0_backg,sports_mask,accessory_mask,animal_mask,outdoor_mask,vehicle_mask,person_mask,indoor_mask,appliance_mask,electronics_mask,furniture_mask,food_mask,kitchen_mask,plant_mask,water_mask,ground_mask,solid_mask,sky_mask,structural_mask,building_mask,textile_mask,window_mask,floor_mask,ceiling_mask,wall_mask,material_mask
,,,,,,,,,,,,,,,,,,,,,,,,,
pexels-photo-146094._16_backg,sports_mask,accessory_mask,animal_mask,outdoor_mask,vehicle_mask,person_mask,indoor_mask,appliance_mask,electronics_mask,furniture_mask,food_mask,kitchen_mask,plant_mask,water_mask,ground_mask,solid_mask,sky_mask,structural_mask,building_mask,textile_mask,window_mask,floor_mask,ceiling_mask,wall_mask,material_mask
,,,,,,,,,,,,,,,,,,,,,,,,,
pexels-photo-234054._16_backg,sports_mask,accessory_mask,animal_mask,outdoor_mask,vehicle_mask,person_mask,indoor_mask,appliance_mask,electronics_mask,furniture_mask,food_mask,kitchen_mask,plant_mask,water_mask,ground_mask,solid_mask,sky_mask,structural_mask,building_mask,textile_mask,window_mask,floor_mask,ceiling_mask,wall_mask,material_mask
,,,,,,,,,,,,,,,,,,,,,,,,,
pexels-photo-257897._16_backg,sports_mask,accessory_mask,animal_mask,outdoor_mask,vehicle_mask,person_mask,indoor_mask,appliance_mask,electronics_mask,furniture_mask,food_mask,kitchen_mask,plant_mask,water_mask,ground_mask,solid_mask,sky_mask,structural_mask,building_mask,textile_mask,window_mask,floor_mask,ceiling_mask,wall_mask,material_mask
,,,,,,,,,,,,,,,,,,,,,,,,,
pexels-photo-265987._16_0_0_backg,sports_mask,accessory_mask,animal_mask,outdoor_mask,vehicle_mask,person_mask,indoor_mask,appliance_mask,electronics_mask,furniture_mask,food_mask,kitchen_mask,plant_mask,water_mask,ground_mask,solid_mask,sky_mask,structural_mask,building_mask,textile_mask,window_mask,floor_mask,ceiling_mask,wall_mask,material_mask
,,,,,,,,,,,,,,,,,,,,,,,,,
pexels-photo-277262._16_backg,sports_mask,accessory_mask,animal_mask,outdoor_mask,vehicle_mask,person_mask,indoor_mask,appliance_mask,electronics_mask,furniture_mask,food_mask,kitchen_mask,plant_mask,water_mask,ground_mask,solid_mask,sky_mask,structural_mask,building_mask,textile_mask,window_mask,floor_mask,ceiling_mask,wall_mask,material_mask
,,,,,,,,,,,,,,,,,,,,,,,,,
pexels-photo-332153._16_backg,sports_mask,accessory_mask,animal_mask,outdoor_mask,vehicle_mask,person_mask,indoor_mask,appliance_mask,electronics_mask,furniture_mask,food_mask,kitchen_mask,plant_mask,water_mask,ground_mask,solid_mask,sky_mask,structural_mask,building_mask,textile_mask,window_mask,floor_mask,ceiling_mask,wall_mask,material_mask
,,,,,,,,,,,,,,,,,,,,,,,,,
pexels-photo-539282._16_backg,sports_mask,accessory_mask,animal_mask,outdoor_mask,vehicle_mask,person_mask,indoor_mask,appliance_mask,electronics_mask,furniture_mask,food_mask,kitchen_mask,plant_mask,water_mask,ground_mask,solid_mask,sky_mask,structural_mask,building_mask,textile_mask,window_mask,floor_mask,ceiling_mask,wall_mask,material_mask
,,,,,,,,,,,,,,,,,,,,,,,,,
Scene_1_0_0_0_backg,sports_mask,accessory_mask,animal_mask,outdoor_mask,vehicle_mask,person_mask,indoor_mask,appliance_mask,electronics_mask,furniture_mask,food_mask,kitchen_mask,plant_mask,water_mask,ground_mask,solid_mask,sky_mask,structural_mask,building_mask,textile_mask,window_mask,floor_mask,ceiling_mask,wall_mask,material_mask
,,,,,,,,,,,,,,,,,,,,,,,,,
Scene_1_0_1_0_backg,sports_mask,accessory_mask,animal_mask,outdoor_mask,vehicle_mask,person_mask,indoor_mask,appliance_mask,electronics_mask,furniture_mask,food_mask,kitchen_mask,plant_mask,water_mask,ground_mask,solid_mask,sky_mask,structural_mask,building_mask,textile_mask,window_mask,floor_mask,ceiling_mask,wall_mask,material_mask
,,,,,,,,,,,,,,,,,,,,,,,,,
Scene_1_1_0_0_backg,sports_mask,accessory_mask,animal_mask,outdoor_mask,vehicle_mask,person_mask,indoor_mask,appliance_mask,electronics_mask,furniture_mask,food_mask,kitchen_mask,plant_mask,water_mask,ground_mask,solid_mask,sky_mask,structural_mask,building_mask,textile_mask,window_mask,floor_mask,ceiling_mask,wall_mask,material_mask
,,,,,,,,,,,,,,,,,,,,,,,,,
Scene_1_1_1_0_110_-400_50_backg,sports_mask,accessory_mask,animal_mask,outdoor_mask,vehicle_mask,person_mask,indoor_mask,appliance_mask,electronics_mask,furniture_mask,food_mask,kitchen_mask,plant_mask,water_mask,ground_mask,solid_mask,sky_mask,structural_mask,building_mask,textile_mask,window_mask,floor_mask,ceiling_mask,wall_mask,material_mask
,,,,,,,,,,,,,,,,,,,,,,,,,
Scene_1_1_1_0_110_450_150_backg,sports_mask,accessory_mask,animal_mask,outdoor_mask,vehicle_mask,person_mask,indoor_mask,appliance_mask,electronics_mask,furniture_mask,food_mask,kitchen_mask,plant_mask,water_mask,ground_mask,solid_mask,sky_mask,structural_mask,building_mask,textile_mask,window_mask,floor_mask,ceiling_mask,wall_mask,material_mask
,,,,,,,,,,,,,,,,,,,,,,,,,
Scene_1_1_1_0_110_900_1400_backg,sports_mask,accessory_mask,animal_mask,outdoor_mask,vehicle_mask,person_mask,indoor_mask,appliance_mask,electronics_mask,furniture_mask,food_mask,kitchen_mask,plant_mask,water_mask,ground_mask,solid_mask,sky_mask,structural_mask,building_mask,textile_mask,window_mask,floor_mask,ceiling_mask,wall_mask,material_mask
,,,,,,,,,,,,,,,,,,,,,,,,,
Scene_1_1_1_0_110_backg,sports_mask,accessory_mask,animal_mask,outdoor_mask,vehicle_mask,person_mask,indoor_mask,appliance_mask,electronics_mask,furniture_mask,food_mask,kitchen_mask,plant_mask,water_mask,ground_mask,solid_mask,sky_mask,structural_mask,building_mask,textile_mask,window_mask,floor_mask,ceiling_mask,wall_mask,material_mask
,,,,,,,,,,,,,,,,,,,,,,,,,
Scene_1_1_1_0_32_backg,sports_mask,accessory_mask,animal_mask,outdoor_mask,vehicle_mask,person_mask,indoor_mask,appliance_mask,electronics_mask,furniture_mask,food_mask,kitchen_mask,plant_mask,water_mask,ground_mask,solid_mask,sky_mask,structural_mask,building_mask,textile_mask,window_mask,floor_mask,ceiling_mask,wall_mask,material_mask
,,,,,,,,,,,,,,,,,,,,,,,,,
Scene_1_1_1_0_8_backg,sports_mask,accessory_mask,animal_mask,outdoor_mask,vehicle_mask,person_mask,indoor_mask,appliance_mask,electronics_mask,furniture_mask,food_mask,kitchen_mask,plant_mask,water_mask,ground_mask,solid_mask,sky_mask,structural_mask,building_mask,textile_mask,window_mask,floor_mask,ceiling_mask,wall_mask,material_mask
,,,,,,,,,,,,,,,,,,,,,,,,,
Scene_1_1_1_0_backg,sports_mask,accessory_mask,animal_mask,outdoor_mask,vehicle_mask,person_mask,indoor_mask,appliance_mask,electronics_mask,furniture_mask,food_mask,kitchen_mask,plant_mask,water_mask,ground_mask,solid_mask,sky_mask,structural_mask,building_mask,textile_mask,window_mask,floor_mask,ceiling_mask,wall_mask,material_mask
,,,,,,,,,,,,,,,,,,,,,,,,,
snake-mamba-green-mamba-toxic-38268._16_backg,sports_mask,accessory_mask,animal_mask,outdoor_mask,vehicle_mask,person_mask,indoor_mask,appliance_mask,electronics_mask,furniture_mask,food_mask,kitchen_mask,plant_mask,water_mask,ground_mask,solid_mask,sky_mask,structural_mask,building_mask,textile_mask,window_mask,floor_mask,ceiling_mask,wall_mask,material_mask
,,,,,,,,,,,,,,,,,,,,,,,,,
vanishingpoint_04_backg,sports_mask,accessory_mask,animal_mask,outdoor_mask,vehicle_mask,person_mask,indoor_mask,appliance_mask,electronics_mask,furniture_mask,food_mask,kitchen_mask,plant_mask,water_mask,ground_mask,solid_mask,sky_mask,structural_mask,building_mask,textile_mask,window_mask,floor_mask,ceiling_mask,wall_mask,material_mask
,,,,,,,,,,,,,,,,,,,,,,,,,
young-animal-monkey-barbary-ape-mammal-51127._16_backg,sports_mask,accessory_mask,animal_mask,outdoor_mask,vehicle_mask,person_mask,indoor_mask,appliance_mask,electronics_mask,furniture_mask,food_mask,kitchen_mask,plant_mask,water_mask,ground_mask,solid_mask,sky_mask,structural_mask,building_mask,textile_mask,window_mask,floor_mask,ceiling_mask,wall_mask,material_mask
